,subreddit,title,selftext,permalink
0,emojipasta,Request Start of the US Civil War,As title says want a pasta to celebrate the beginning of the biggest ass whopping in American history,/r/emojipasta/comments/12k8n5u/request_start_of_the_us_civil_war/
1,emojipasta,Fyre festival is coming back,HEY  :police_car_light:  YOU  :girl:   :backhand_index_pointing_right:  BASS HUNGRY  :face_savoring_food:  SLUTS  :person_tipping_hand:   :money_bag:  Get ready for  :bear:  Fyre Festival  :party_popper:  2  :dark_skin_tone:   :see-no-evil_monkey:  The Splash Back! Fyre Festival  :party_popper:   :party_popper:  is  :smiling_face_with_halo:  back  :person_gesturing_NO:   :left_arrow:  again  :weary_face:  and  :OK_hand:   :tongue:  this time  :one_oclock:  you KNOW  :light_bulb:   :thought_balloon:  there  :weary_face:   :no_entry:  wont  :flexed_biceps:   :flexed_biceps:  be  :honeybee:   :boy:  any  :sweat_droplets:   :sweat_droplets:  melted cheese  :cheese_wedge:  or cold  :face_with_crossed-out_eyes:  beans  :seedling:   :seedling:  to eat  :french_fries:  because these BIG  :spouting_whale:  BOYS  :boy:  are  :clapping_hands:   :pregnant_woman:  gonna  :red_question_mark:   :male_sign:  put that FIRE in  :anchor:   :right_arrow_curving_down:  you  :prohibited:  in  :eggplant:  every  :kitchen_knife:  way possible!!! So get  :Japanese_bargain_button:  your  :person_raising_hand:  friends  :woman_and_man_holding_hands:   :person_gesturing_OK:  together  :construction_worker:   :men_holding_hands:  and  :weary_face:  pack up  :up_arrow:   :red_heart:  a  :cat_with_wry_smile:  bunch of SHITTY  :angry_face:  clothing because  :white_exclamation_mark:  we  :man:   :grinning_cat:  are  :money_bag:   :suspension_railway:  going to PRIVATE ISLAND  :tropical_drink:   :desert_island:  where  :pouting_cat:  only  :backhand_index_pointing_right:   :face_with_steam_from_nose:  our  :money_bag:   :money_bag:  most  :1st_place_medal:   :smiling_face:  BAD  :sweat_droplets:   :person_facepalming:  ASS sexiest people  :grinning_face_with_big_eyes:   :man:  will  :oncoming_fist:  be  :honeybee:   :flexed_biceps:  allowed  :enraged_face:   :person_gesturing_NO:  in . If  :medium-light_skin_tone:   :medium-light_skin_tone:  you  :backhand_index_pointing_right:   :tongue:  want  :unamused_face:   :backhand_index_pointing_right:  to keep  :speak-no-evil_monkey:   :woman:  things HOT  :smiling_face_with_heart-eyes:  then send this  :OK_hand:  message  :backhand_index_pointing_left:  to  :tongue:   :sweat_droplets:  20  :OK_button:  of  :speaker_medium_volume:   :wrench:  your  :medium-light_skin_tone:   :B_button_(blood_type):  SLUTTIEST  :eggplant:   :mouth:  friends.  :hand_with_fingers_splayed:  If  :clapping_hands:   :thinking_face:  you  :waving_hand:  dont  :prohibited:   :prohibited:  get  :frowning_face:   :police_officer:  any responses by  :smiling_face_with_horns:  tomorrow  :automobile:   :raising_hands:  afternoon then  :star_of_David:   :beaming_face_with_smiling_eyes:  the  :backhand_index_pointing_down:   :suspension_railway:  big  :up_arrow:  bad FIRE  :fire:  BITCH  :person_tipping_hand:  GAMEZZZ will DIE  :vertical_traffic_light:  FOREVER!!!! If  :clapping_hands:   :red_exclamation_mark:  you  :backhand_index_pointing_left:   :sweat_droplets:  get 10-19  :face_with_tears_of_joy:  responses then its  :OK_hand:  TAYLOR SWIFTSKYPE SESSION TIME!!!  :raising_hands:  If you get  :ghost:  20+ responses guess what  :worried_face:  ?? BIG  :eggplant:   :tongue:  BOY  :light_skin_tone:   :person_blond_hair:  GONNA  :weary_face:   :medium-light_skin_tone:  PUT THAT  :peach:   :suspension_railway:  FIRE ON YOUR CHEEZ SANDWICH  https//www.chaintexts.com/?id=clgcfqfem0004l6080sja1h20,/r/emojipasta/comments/12io1sx/fyre_festival_is_coming_back/
2,emojipasta,[request] Succession :folded_hands: :folded_hands: :folded_hands:,Anything related to the show but especially if it incorporates the latest episode,/r/emojipasta/comments/12i083i/request_succession/
3,emojipasta,Dyngus Day,Happy Dyngus Day  :party_popper:  all u thirsty Polish American  :Poland:   :United_States:   :Poland:  slut s:double_exclamation_mark:  It's been a long HARD  :downcast_face_with_sweat:   :weary_face:   :face_with_crossed-out_eyes:  lenten season  :folded_hands:   :church:   :latin_cross:   :folded_hands:  and it's time to SI N:double_exclamation_mark:   :double_exclamation_mark:   :ogre:   :smiling_face_with_horns:   :hot_face:  You know what that mean s:red_question_mark:  Break out your babcia's  :older_person:  pierogi  :dumpling:   :fork_and_knife_with_plate:  recipe and grab a tall glass of kupni k:sake: . All the naughty girls  :women_holding_hands_medium-light_skin_tone:  and boi s:person_raising_hand:   :person_raising_hand_medium-light_skin_tone: will be out teasing  :hot_face:   :flushed_face:   :face_with_steam_from_nose:  each other all Day LON G:enraged_face: . Girls can chase  :woman_running_medium-light_skin_tone:   :face_with_steam_from_nose:  and SQUIRT  :sweat_droplets:   :water_pistol:  all the bois they want to fuck  :person_in_bed:  and get them soaking WET  :sweat_droplets:   :crying_face:   :umbrella_with_rain_drops: . Think that sounds unfai r:red_question_mark:   :red_question_mark:   :red_question_mark:  WELL on this festive  :confetti_ball:  holiday  :Poland:  the bois  :boy_medium-light_skin_tone:   :clown_face:  can retaliate by beating the thirsty thots  :speak-no-evil_monkey:  with a PUSSY-willow branch  :peach:   :sushi:   :taco:   :crying_cat:   :cat: .  :raised_hand:   :stop_sign: STAY BACK YOU HORNY WHOORS!! !:hot_face:  Don't forget to wear your traditional re d:Poland:   :woman_dancing_medium-light_skin_tone:   :Poland:  and whit e:Poland:   :glass_of_milk:   :Poland:  and expose  :astonished_face:  your polka dots  :cherries:   :eyes:   :eyes:  for everyone to see  :flushed_face:   :hot_face:   :flushed_face: . Hope you have a Sinful  :goblin:  MIGUS-DYNGUS Day and remember not only is everyone is Polish  :Poland:  on Dyngus Day but they're also a SLUT!! !:woman_and_man_holding_hands_medium-light_skin_tone:   :pregnant_woman_medium-light_skin_tone:   :face_with_tongue:  Send this to  :keycap_6:   :keycap_9:  of your Horniest  :postal_horn:  Poles  :Poland:   :weary_face: . If you get  :keycap_0:  back no spankings for you you dirty old babushka  :older_person_light_skin_tone:   :woman_mage_medium-light_skin_tone: . If you get  :keycap_2:   :keycap_0:  back you'll get your little pierogi  :dumpling:  stuffed  :eggplant:   :sweat_droplets:   :glass_of_milk: . If you get  :keycap_3:   :keycap_0:  back you'll get a thicc POLE-ish  :Poland:  branch  :eggplant:   :wood:   :eggplant:  on your boot y:peach: ! If you get  :keycap_5:   :keycap_0:  back you get to ride  :cowboy_hat_face:   :horse_racing_light_skin_tone:  the Polish Kielbasa  :Poland:   :hot_dog:  all night  :woman_raising_hand_medium-light_skin_tone:   :alarm_clock:   :bed: !! If you get ALL  :keycap_6:   :keycap_9:  back Daddy Dyngus  :man_mage:  will spank you HARD  :tired_face:  and let you squirt  :sweat_droplets:   :face_with_tongue:  all over hi m:double_exclamation_mark:   :double_exclamation_mark: ,/r/emojipasta/comments/12hkbg6/dyngus_day/
4,emojipasta,Request :face_with_peeking_eye: Boyz 12 - Girl You Need a Shot of B12 lyrics,:drop_of_blood:   :syringe : ,/r/emojipasta/comments/12h4vg0/request_boyz_12_girl_you_need_a_shot_of_b12_lyrics/
5,emojipasta,[request] RIZZ emoji pasta,Will forever be grateful  :smiling_face_with_hearts:   :tired_face:   :relieved_face: ,/r/emojipasta/comments/12h0c93/request_rizz_emoji_pasta/
6,emojipasta,WHAT IF :weary_cat:THE ROLES WERE REVERSED:pleading_face: :double_exclamation_mark:,WHAT I F:money-mouth_face:  THE ROLE S:sneezing_face:  WERE REVERSED  :counterclockwise_arrows_button:  WHAT I F:exclamation_question_mark: THEY WER E:frowning_face:  SLIGHTL Y:pinching_hand:  SIZZLE D:shallow_pan_of_food:  ADDED WIT H:pleading_face:  PAPRIK A:pouting_cat:  WHAT I F:enraged_face:  WHAT I F:double_exclamation_mark:   :exclamation_question_mark:   :anxious_face_with_sweat: ,/r/emojipasta/comments/12gtmgu/what_if_the_roles_were_reversed/
7,emojipasta,Fappy Easter :hot_face: :latin_cross: :egg:(Twitter version in comments),Goooooooood morning  :sun:   :national_park:   :grinning_face_with_smiling_eyes:  Playboy Bunnys  :winking_face_with_tongue:   :winking_face_with_tongue:   :rabbit_face:   :party_popper:   :rabbit:   :women_with_bunny_ears:   :tongue:  Today  :spiral_calendar:  is EASTER  :rabbit_face:   :egg:  and its time  :six_oclock:   :nine_oclock:  to HO P:man_running: over to DADDYs  :smiling_face_with_heart-eyes:   :church: CHURC H:face_with_tongue:   :latin_cross:   :relieved_face:   :folded_hands:  get on ur KNEE S:person_kneeling_medium-light_skin_tone:   :leg:  and BEG  :folded_hands:   :tired_face:  for MERCY  :fearful_face:   :hot_face:   :tired_face:   :prayer_beads:   :anxious_face_with_sweat:   :weary_face:   :latin_cross:   Did u kno  :brain:   :face_with_monocle:   :thinking_face:   :winking_face:   :cat_with_wry_smile:  2023 Yrs ago  :spiral_calendar:   :BACK_arrow:  Jesus  :latin_cross:   :woman_light_skin_tone:  DIE D:skull:   :face_with_crossed-out_eyes:   :loudly_crying_face:  and it took him  :keycap_2:  Hole  :hole:  DAYS  :tear-off_calendar:   :tear-off_calendar:  to respawn  :stopwatch:  (Stupid lag)  :face_with_rolling_eyes:   :unamused_face:  BUT then we  :women_with_bunny_ears:   :globe_showing_Asia-Australia:   :women_with_bunny_ears:  were all SAVED  :man_superhero_light_skin_tone:   :relieved_face:   :folded_hands:   :party_popper:   :cowboy_hat_face:  by his big RES-ERECTION  :flushed_face:   :up_arrow:   :cloud:   :eyes:   :tongue:   :eggplant:   :smirking_face:  Now his  :wedding:  Church Sanctioned Furson a:trade_mark:   :eyes:   :folded_hands:   :place_of_worship:   :speak-no-evil_monkey:  aka the Easter Bunny  :rabbit_face:   :rabbit:   :winking_face:  cums  :right_arrow:   :globe_showing_Asia-Australia:   :sweat_droplets:  every  :spiral_calendar:  year and U know what bunnys do best  :smirking_face:   :egg:   :peach:   :baby:   :baby:   :baby:   :baby:  He gonna DROP  :down_arrow:  his  :baby_chick:  BABY  C:O_button_(blood_type): C K:egg:   :hatching_chick:  in ur lil pink baske t:handbag:   :weary_face:  til its OVERFLOWING  :drooling_face:   :tired_face:   :egg:  with his Rainbow Eggs  :rainbow_flag:   :drooling_face:   :egg:   :cooking:   :tired_face:   Send this  :love_letter:  this to  :keycap_1:   :keycap_0:  of ur  :fire:   :women_with_bunny_ears:  Baddest Bunnie s:rabbit_face:   :smiling_face_with_horns:  If u get  :keycap_10:  back ur gettin ur  :candy:  candy  :lollipop: licked  :tongue:   :winking_face:   :drooling_face:   :sweat_droplets:  Get  :keycap_5:  back ur a ROTTEN EGG  :egg:   :nose:   :nauseated_face:   :anxious_face_with_sweat:  get  :keycap_0:  back and u wont get a single Pee p:hatching_chick:   :eye:   :prohibited:   :woman_gesturing_NO:  at that BUNNY D  :rabbit:   :eggplant:   :cross_mark:   :loudly_crying_face:   :tired_face:   :downcast_face_with_sweat:   :sleepy_face:   :persevering_face:   :anxious_face_with_sweat:   :sad_but_relieved_face:   :pensive_face: ,/r/emojipasta/comments/12gcvtw/fappy_easter_twitter_version_in_comments/
8,emojipasta,Test :memo:,This  :index_pointing_up:  is  :backhand_index_pointing_up:  a  :A_button_(blood_type):  test  :memo: ,/r/emojipasta/comments/12g1s5d/test/
9,emojipasta,Easter,Happy EASTER you  :light_skin_tone:   :eggplant:  HOLY  :t-shirt:   :t-shirt:  FUCKING  :OK_hand:  WHORE! At long  :eight_oclock:  last  :wheelchair_symbol:  the  :magnifying_glass_tilted_left:   :smiling_face_with_sunglasses:  day  :one_oclock:  has  :clapping_hands:  FINALLY come  :sweat_droplets:  when  :peach:   :stopwatch:  our LORD AND  :eyes:   :hundred_points:  SAVIOR JESUS  :folded_hands:   :folded_hands:  THE SLUTTIEST CHRIST is  :sweat_droplets:  resurrected  :victory_hand:   :victory_hand:  from  :backhand_index_pointing_right:   :face_with_tears_of_joy:  his dead  :skull:  DIRTY  :goblin:   :bathtub:  ASS  :sweat_droplets:  CROSS so  :eyes:   :victory_hand:  he can  :enraged_face:  69  :hundred_points:  with  :clapping_hands:  GODDESS  :framed_picture:   :glowing_star:  MOTHER MUFF CUMSUCKER in  :OK_hand:   :OK_hand:  the  :clapping_hands:  SKY! Thats  :bust_in_silhouette:   :ballot_box_with_ballot:  right its  :dark_skin_tone:  time for  :heart_with_arrow:  an  :smiling_face_with_heart-eyes:  ORAL  :mouth:   :mouth:  OLYMPICS up in  :male_sign:  heaven  :check_mark:   :check_mark:  to  :clapping_hands:   :sweat_droplets:  CELEBRATE the most SPANKABLE HOLIDAY in  :right_arrow_curving_down:   :sweat_droplets:  all  :smiling_face_with_sunglasses:   :crossed_fingers:  of JESUSLAND So  :light_skin_tone:   :glass_of_milk:  put  :clapping_hands:  on  :ON!_arrow:   :ON!_arrow:  your thongs and your  :inbox_tray:   :smiling_face_with_heart-eyes:  BEGGARS SKIRT  :woman_dancing:   :woman_dancing:  and  :clapping_hands:  go find  :magnifying_glass_tilted_left:  a  :OK_hand:   :OK_hand:  ROTTEN WHEAT BUN to EAT  :tongue:   :smirking_face:  because only  :hundred_points:   :fire:  SLUTS  :high-heeled_shoe:  get RAISED FROM  :backhand_index_pointing_right:   :money_bag:  THE  :backhand_index_pointing_right:  DEAD  :skull_and_crossbones:   :skull_and_crossbones:  like  :clapping_hands:   :peach:  THAT.  :neutral_face:  If  :dollar_banknote:   :airplane:  you  :dashing_away:   :index_pointing_up:  dont JESUS  :weary_cat:   :folded_hands:  IN  :clapping_hands:   :downwards_button:  HIS TRUSS will  :face_blowing_a_kiss:  be  :honeybee:   :angry_face:  left  :cherries:  HIGH  :crown:  AND  :wind_face:   :clapping_hands:  DRY  :sweat_droplets:   :desert:  without  :prohibited:  any  :clapping_hands:  HOT  :fire:   :fire:  LOINS to  :hundred_points:   :sweat_droplets:  LICK!!  :tongue:  So  :hundred_points:   :clapping_hands:  send  :open_mailbox_with_raised_flag:  this  :backhand_index_pointing_left:   :down_arrow:  to  :clapping_hands:  ALL  :B_button_(blood_type):   :B_button_(blood_type):  of  :red_circle:  your favorite  :television:  HOLY DINGLEBERRIES  https//www.chaintexts.com/?id=clg80wsn4000al908ndkk8qy2,/r/emojipasta/comments/12fmh59/easter/
